{
    "canadianGeese": {
        "0": {
            "curveStart": {
                "x": 0.848886524067191,
                "y": 4.336771039662556,
                "z": 2.339189735528369
            },
            "curveEnd": {
                "x": 0.9542093659024761,
                "y": 3.20031671570197,
                "z": 3.7212171940404866
            },
            "controlPoint1": {
                "x": 0.984038572519382,
                "y": 4.4268565429338675,
                "z": 2.9316563980244386
            },
            "controlPoint2": {
                "x": 1.0400099003236967,
                "y": 3.8107425376980193,
                "z": 3.6819316558849327
            },
            "ringLookAt": {
                "x": 1.1450512390829712,
                "y": 3.8403800588423644,
                "z": 4.4654606328485835
            },
            "curveColor": "0xe278de",
            "ringColor": "0xffffff"
        }
    }
}